"MPIP","Covariate"
1,"Intercept"
0,"UTR5"
0,"UTR3"
0,"CDS"
0,"Stop_codons"
0,"Start_codons"
0,"m6Am"
0,"exons"
0,"Last_exons_50bp"
0,"Pos_UTR5"
0,"Pos_UTR3"
0,"Pos_CDS"
0,"Pos_exons"
0,"length_UTR3"
0,"length_UTR5"
0.5,"length_CDS"
0,"long_exon"
0,"length_gene_ex"
0,"length_gene_full"
0,"AAACA"
0,"GAACA"
0,"AGACA"
0,"GGACA"
0,"AAACT"
0,"GAACT"
0,"AGACT"
0,"GGACT"
0,"AAACC"
0,"GAACC"
0,"AGACC"
0,"GGACC"
0,"struct_hybridize"
0,"struct_loop"
0,"HNRNPC_eCLIP"
0,"YTHDC1_TREW"
0,"YTHDF1_TREW"
0,"YTHDF2_TREW"
0,"miR_targeted_genes"
0,"TargetScan"
0,"Verified_miRtargets"
0,"sncRNA"
0,"lncRNA"
0,"Isoform_num"
0,"HK_genes"
0,"GC_cont_genes"
0,"GC_cont_101bp"
